Spit,Mass,,,
2,1.67,,,
2,294.8,,,
3,1.33,,,
3,6.3,,,
4,1.59,,,
4,1.67,,,
4,2.63,,,
4,29.54,,,
5,1.287,,,
5,1.99,,,
5,2.23,,,
10,1.01,,,
10,1.46,,,
10,1.66,,,
10,2.79,,,
10,3.95,,,
10,5.29,,,
11,2.79,,,
11,3.41,,,
11,3.62,,,
11,8.63,,,
12,1.2,,,
12,1.75,,,
12,2.48,,,
12,2.52,,,
12,3.31,,,
12,4.01,,,
12,17.63,,,
12,189.92,,,
13,1.1,,,
13,2.32,,,
13,2.68,,,
13,5.05,,,
13,5.21,,,
13,5.92,,,
13,6.01,,,
13,6.92,,,
13,11.48,,,
13,16.03,,,
14,1.22,,,
14,1.26,,,
14,1.26,,,
14,1.31,,,
14,1.33,,,
14,1.37,,,
14,1.43,,,
14,1.5,,,
14,1.74,,,
14,1.8,,,
14,1.91,,,
14,1.92,,,
14,1.95,,,
14,1.96,,,
14,1.97,,,
14,2.06,,,
14,2.11,,,
14,2.18,,,
14,2.19,,,
14,2.2,,,
14,2.28,,,
14,2.39,,,
14,2.63,,,
14,2.65,,,
14,2.66,,,
14,2.68,,,
14,2.69,,,
14,2.71,,,
14,2.73,,,
14,2.77,,,
14,2.78,,,
14,2.84,,,
14,2.87,,,
14,2.87,,,
14,3.04,,,
14,3.06,,,
14,3.06,,,
14,3.09,,,
14,3.1,,,
14,3.1,,,
14,3.18,,,
14,3.24,,,
14,3.24,,,
14,3.5,,,
14,3.51,,,
14,3.54,,,
14,4.22,,,
14,4.32,,,
14,4.35,,,
14,4.43,,,
14,4.51,,,
14,4.59,,,
14,4.65,,,
14,4.72,,,
14,4.8,,,
14,4.97,,,
14,5.33,,,
14,5.57,,,
14,5.75,,,
14,5.8,,,
14,6.06,,,
14,6.12,,,
14,6.13,,,
14,6.9,,,
14,7.28,,,
14,7.64,,,
14,8.07,,,
14,8.45,,,
14,8.86,,,
14,9.16,,,
14,9.92,,,
14,10.5,,,
14,12.06,,,
14,15.04,,,
14,16.39,,,
14,106.29,,,
15,1,,,
15,1.22,,,
15,1.24,,,
15,1.48,,,
15,1.61,,,
15,1.62,,,
15,1.62,,,
15,1.71,,,
15,1.71,,,
15,1.73,,,
15,1.79,,,
15,1.79,,,
15,1.79,,,
15,1.83,,,
15,1.91,,,
15,1.99,,,
15,2.06,,,
15,2.3,,,
15,2.31,,,
15,2.34,,,
15,2.41,,,
15,2.6,,,
15,2.64,,,
15,2.71,,,
15,2.75,,,
15,2.8,,,
15,2.82,,,
15,2.96,,,
15,3.12,,,
15,3.14,,,
15,3.15,,,
15,3.46,,,
15,3.51,,,
15,3.52,,,
15,3.8,,,
15,4.05,,,
15,4.06,,,
15,5.18,,,
15,6.68,,,
15,6.68,,,
15,6.9,,,
15,7.38,,,
15,8.26,,,
15,8.47,,,
15,9.4,,,
15,10.73,,,
15,11.19,,,
15,12.69,,,
16,1.1,,,
16,1.16,,,
16,1.22,,,
16,1.23,,,
16,1.25,,,
16,1.34,,,
16,1.35,,,
16,1.39,,,
16,1.39,,,
16,1.43,,,
16,1.47,,,
16,1.48,,,
16,1.58,,,
16,1.58,,,
16,1.59,,,
16,1.61,,,
16,1.61,,,
16,1.62,,,
16,1.63,,,
16,1.79,,,
16,1.8,,,
16,1.83,,,
16,1.85,,,
16,1.88,,,
16,1.91,,,
16,2.01,,,
16,2.02,,,
16,2.08,,,
16,2.12,,,
16,2.12,,,
16,2.13,,,
16,2.14,,,
16,2.18,,,
16,2.18,,,
16,2.21,,,
16,2.34,,,
16,2.39,,,
16,2.47,,,
16,2.6,,,
16,2.67,,,
16,2.7,,,
16,2.85,,,
16,2.98,,,
16,3.05,,,
16,3.12,,,
16,3.18,,,
16,3.25,,,
16,3.3,,,
16,3.34,,,
16,3.36,,,
16,3.51,,,
16,3.52,,,
16,3.52,,,
16,3.58,,,
16,3.68,,,
16,3.72,,,
16,3.8,,,
16,3.9,,,
16,3.96,,,
16,3.99,,,
16,4.01,,,
16,4.05,,,
16,4.08,,,
16,4.21,,,
16,4.34,,,
16,4.59,,,
16,4.87,,,
16,4.9,,,
16,5.66,,,
16,5.74,,,
16,5.86,,,
16,5.89,,,
16,5.96,,,
16,5.99,,,
16,6.9,,,
16,6.93,,,
16,7,,,
16,7,,,
16,7.37,,,
16,8.01,,,
16,8.55,,,
16,8.66,,,
16,17.32,,,
16,18.23,,,
16,18.59,,,
16,20.49,,,
16,26.2,,,
17,1.05,,,
17,1.05,,,
17,1.05,,,
17,1.12,,,
17,1.13,,,
17,1.18,,,
17,1.23,,,
17,1.24,,,
17,1.25,,,
17,1.35,,,
17,1.35,,,
17,1.36,,,
17,1.41,,,
17,1.42,,,
17,1.45,,,
17,1.46,,,
17,1.53,,,
17,1.57,,,
17,1.58,,,
17,1.64,,,
17,1.65,,,
17,1.7,,,
17,1.72,,,
17,1.75,,,
17,1.77,,,
17,1.83,,,
17,1.86,,,
17,1.88,,,
17,1.91,,,
17,1.92,,,
17,1.94,,,
17,1.97,,,
17,1.99,,,
17,2.02,,,
17,2.04,,,
17,2.07,,,
17,2.08,,,
17,2.1,,,
17,2.12,,,
17,2.22,,,
17,2.23,,,
17,2.23,,,
17,2.32,,,
17,2.32,,,
17,2.38,,,
17,2.39,,,
17,2.4,,,
17,2.4,,,
17,2.6,,,
17,2.72,,,
17,2.78,,,
17,2.79,,,
17,2.92,,,
17,2.94,,,
17,2.99,,,
17,3.01,,,
17,3.09,,,
17,3.13,,,
17,3.27,,,
17,3.36,,,
17,3.48,,,
17,3.53,,,
17,3.55,,,
17,3.6,,,
17,3.8,,,
17,3.88,,,
17,3.99,,,
17,4.11,,,
17,4.13,,,
17,4.15,,,
17,4.34,,,
17,4.6,,,
17,5.23,,,
17,6.12,,,
17,8.83,,,
17,9.28,,,
17,9.28,,,
17,20.31,,,
17,42.88,,,
17,,,,
18,1.1,,,
18,1.12,,,
18,1.15,,,
18,1.24,,,
18,1.25,,,
18,1.27,,,
18,1.27,,,
18,1.43,,,
18,1.51,,,
18,1.53,,,
18,1.71,,,
18,1.73,,,
18,1.73,,,
18,1.75,,,
18,1.76,,,
18,1.77,,,
18,1.79,,,
18,1.83,,,
18,1.91,,,
18,2.03,,,
18,2.12,,,
18,2.21,,,
18,2.22,,,
18,2.26,,,
18,2.27,,,
18,2.3,,,
18,2.32,,,
18,2.32,,,
18,2.42,,,
18,2.45,,,
18,2.47,,,
18,2.48,,,
18,2.5,,,
18,2.53,,,
18,2.56,,,
18,2.58,,,
18,2.62,,,
18,2.69,,,
18,2.73,,,
18,2.75,,,
18,2.79,,,
18,2.79,,,
18,2.81,,,
18,2.84,,,
18,2.9,,,
18,3.07,,,
18,3.1,,,
18,3.18,,,
18,3.23,,,
18,3.26,,,
18,3.31,,,
18,3.32,,,
18,3.32,,,
18,3.33,,,
18,3.33,,,
18,3.34,,,
18,3.35,,,
18,3.42,,,
18,3.5,,,
18,3.62,,,
18,3.7,,,
18,3.78,,,
18,3.78,,,
18,3.81,,,
18,3.85,,,
18,3.89,,,
18,4.14,,,
18,4.23,,,
18,4.25,,,
18,4.27,,,
18,4.29,,,
18,4.3,,,
18,4.3,,,
18,4.37,,,
18,4.38,,,
18,4.58,,,
18,4.6,,,
18,4.62,,,
18,4.73,,,
18,4.87,,,
18,5,,,
18,5.07,,,
18,5.11,,,
18,5.53,,,
18,5.61,,,
18,5.78,,,
18,6.27,,,
18,6.41,,,
18,6.5,,,
18,6.6,,,
18,7.01,,,
18,7.11,,,
18,7.28,,,
18,7.8,,,
18,8.11,,,
18,8.52,,,
18,9.22,,,
18,11.13,,,
18,13.41,,,
18,15.53,,,
18,15.78,,,
18,18.87,,,
18,32.43,,,
19,1.15,,,
19,1.18,,,
19,1.18,,,
19,1.2,,,
19,1.23,,,
19,1.32,,,
19,1.43,,,
19,1.448,,,
19,1.46,,,
19,1.54,,,
19,1.59,,,
19,1.6,,,
19,1.61,,,
19,1.69,,,
19,1.84,,,
19,1.91,,,
19,1.92,,,
19,1.92,,,
19,2.45,,,
19,2.48,,,
19,2.55,,,
19,2.56,,,
19,2.65,,,
19,2.86,,,
19,2.9,,,
19,2.92,,,
19,3,,,
19,3,,,
19,3.03,,,
19,3.03,,,
19,3.21,,,
19,3.23,,,
19,3.25,,,
19,3.34,,,
19,3.37,,,
19,3.59,,,
19,3.64,,,
19,3.96,,,
19,3.97,,,
19,3.98,,,
19,4.17,,,
19,4.22,,,
19,4.3,,,
19,4.56,,,
19,4.63,,,
19,4.88,,,
19,4.97,,,
19,5.38,,,
19,5.48,,,
19,5.97,,,
19,6.05,,,
19,6.13,,,
19,6.26,,,
19,6.34,,,
19,6.35,,,
19,6.38,,,
19,6.68,,,
19,6.79,,,
19,7.12,,,
19,7.28,,,
19,8.22,,,
19,8.54,,,
19,8.72,,,
19,8.87,,,
19,10.5,,,
19,10.6,,,
19,10.6,,,
19,11.13,,,
19,12.68,,,
19,13.88,,,
19,14.19,,,
19,14.63,,,
19,16.45,,,
19,17.63,,,
19,25.59,,,
20,1.19,,,
20,1.21,,,
20,1.31,,,
20,1.34,,,
20,1.4,,,
20,1.43,,,
20,1.58,,,
20,1.63,,,
20,1.69,,,
20,1.79,,,
20,1.89,,,
20,1.89,,,
20,2.21,,,
20,2.28,,,
20,2.34,,,
20,2.44,,,
20,2.45,,,
20,2.53,,,
20,2.55,,,
20,2.76,,,
20,2.79,,,
20,2.79,,,
20,2.84,,,
20,2.87,,,
20,2.92,,,
20,3.05,,,
20,3.07,,,
20,3.1,,,
20,3.26,,,
20,3.41,,,
20,3.63,,,
20,3.67,,,
20,3.69,,,
20,3.81,,,
20,3.94,,,
20,4,,,
20,4.12,,,
20,4.23,,,
20,4.34,,,
20,4.44,,,
20,4.75,,,
20,4.8,,,
20,4.99,,,
20,5.2,,,
20,5.24,,,
20,5.76,,,
20,5.82,,,
20,6.27,,,
20,6.44,,,
20,6.85,,,
20,6.9,,,
20,7.07,,,
20,7.23,,,
20,7.73,,,
20,7.79,,,
20,8.27,,,
20,8.43,,,
20,8.67,,,
20,8.74,,,
20,8.76,,,
20,8.98,,,
20,9.28,,,
20,11.08,,,
20,11.51,,,
20,11.79,,,
20,12.46,,,
20,12.86,,,
20,15.55,,,
20,15.7,,,
20,19.84,,,
20,30.8,,,
20,49.83,,,
21,1.1,,,
21,1.21,,,
21,1.3,,,
21,1.41,,,
21,1.45,,,
21,1.49,,,
21,1.5,,,
21,1.59,,,
21,1.66,,,
21,1.67,,,
21,1.68,,,
21,1.71,,,
21,1.76,,,
21,1.78,,,
21,1.81,,,
21,1.82,,,
21,1.84,,,
21,1.87,,,
21,1.94,,,
21,2.11,,,
21,2.2,,,
21,2.21,,,
21,2.45,,,
21,2.47,,,
21,2.54,,,
21,2.64,,,
21,2.73,,,
21,2.83,,,
21,2.83,,,
21,2.93,,,
21,3.11,,,
21,3.14,,,
21,3.2,,,
21,3.44,,,
21,3.45,,,
21,3.5,,,
21,3.51,,,
21,3.51,,,
21,3.56,,,
21,3.56,,,
21,3.6,,,
21,3.66,,,
21,3.72,,,
21,4.23,,,
21,4.49,,,
21,4.68,,,
21,5.01,,,
21,5.3,,,
21,5.74,,,
21,6.65,,,
21,6.7,,,
21,6.84,,,
21,6.89,,,
21,6.9,,,
21,7.97,,,
21,8.17,,,
21,8.29,,,
21,9.23,,,
21,11.34,,,
21,13.27,,,
21,15.93,,,
21,17.09,,,
21,23.97,,,
21,27.6,,,
21,32.35,,,
21,44.71,,,
21,92.95,,,
22,1.08,,,
22,1.27,,,
22,1.37,,,
22,1.44,,,
22,1.53,,,
22,1.61,,,
22,1.75,,,
22,1.86,,,
22,1.99,,,
22,2.02,,,
22,2.97,,,
22,3.15,,,
22,3.18,,,
22,3.35,,,
22,3.49,,,
22,3.54,,,
22,3.75,,,
22,4.14,,,
22,4.64,,,
22,5.49,,,
22,6.09,,,
22,6.33,,,
22,12.782,,,
22,15.01,,,
22,23.17,,,
22,24.2,,,
23,1.19,,,
23,1.41,,,
23,1.59,,,
23,1.62,,,
23,1.73,,,
23,1.77,,,
23,1.85,,,
23,1.87,,,
23,1.9,,,
23,2.11,,,
23,2.21,,,
23,2.24,,,
23,2.36,,,
23,2.42,,,
23,2.44,,,
23,2.46,,,
23,2.53,,,
23,2.64,,,
23,2.69,,,
23,2.84,,,
23,3.08,,,
23,3.1,,,
23,3.23,,,
23,3.41,,,
23,3.43,,,
23,3.5,,,
23,3.56,,,
23,3.93,,,
23,4.07,,,
23,4.25,,,
23,4.25,,,
23,4.3,,,
23,4.38,,,
23,4.47,,,
23,4.67,,,
23,4.86,,,
23,5.17,,,
23,6.41,,,
23,7.41,,,
23,8.43,,,
23,17.52,,,
23,47.62,,,
24,1,,,
24,1.29,,,
24,1.41,,,
24,1.48,,,
24,1.49,,,
24,1.59,,,
24,1.65,,,
24,1.69,,,
24,1.71,,,
24,1.71,,,
24,1.73,,,
24,1.75,,,
24,1.83,,,
24,1.83,,,
24,1.87,,,
24,1.96,,,
24,2,,,
24,2.13,,,
24,2.4,,,
24,2.41,,,
24,2.5,,,
24,2.51,,,
24,2.56,,,
24,2.62,,,
24,2.72,,,
24,2.87,,,
24,2.88,,,
24,3.2,,,
24,3.23,,,
24,3.33,,,
24,3.49,,,
24,3.66,,,
24,3.67,,,
24,3.73,,,
24,3.77,,,
24,3.86,,,
24,3.9,,,
24,3.97,,,
24,4.22,,,
24,4.47,,,
24,4.52,,,
24,4.72,,,
24,4.86,,,
24,4.88,,,
24,4.91,,,
24,4.96,,,
24,5.05,,,
24,5.66,,,
24,6.16,,,
24,7.1,,,
24,7.2,,,
24,7.21,,,
24,7.72,,,
24,7.76,,,
24,8.03,,,
24,8.08,,,
24,8.29,,,
24,9.83,,,
24,9.95,,,
24,10.12,,,
24,11.73,,,
24,13.61,,,
24,15.24,,,
24,16.15,,,
24,16.89,,,
24,29.25,,,
24,30.48,,,
25,1.14,,,
25,1.28,,,
25,1.41,,,
25,1.42,,,
25,1.42,,,
25,1.53,,,
25,1.78,,,
25,1.79,,,
25,1.8,,,
25,1.82,,,
25,2.05,,,
25,2.08,,,
25,2.14,,,
25,2.19,,,
25,2.23,,,
25,2.32,,,
25,2.45,,,
25,2.59,,,
25,2.66,,,
25,2.75,,,
25,2.76,,,
25,2.87,,,
25,2.95,,,
25,3.02,,,
25,3.04,,,
25,3.1,,,
25,3.15,,,
25,3.15,,,
25,3.4,,,
25,3.41,,,
25,3.47,,,
25,3.51,,,
25,3.77,,,
25,3.98,,,
25,3.99,,,
25,4.25,,,
25,4.3,,,
25,4.51,,,
25,4.52,,,
25,4.56,,,
25,4.58,,,
25,4.62,,,
25,4.66,,,
25,4.76,,,
25,4.85,,,
25,4.92,,,
25,4.96,,,
25,5.13,,,
25,5.38,,,
25,5.46,,,
25,5.69,,,
25,5.95,,,
25,6.1,,,
25,6.1,,,
25,6.78,,,
25,6.86,,,
25,7.68,,,
25,7.83,,,
25,7.94,,,
25,8.03,,,
25,8.07,,,
25,8.12,,,
25,8.57,,,
25,8.65,,,
25,8.87,,,
25,9.22,,,
25,9.25,,,
25,10.2,,,
25,10.67,,,
25,11.92,,,
25,12.23,,,
25,12.58,,,
25,13.06,,,
25,14.27,,,
25,15.06,,,
25,16.5,,,
25,21.19,,,
25,26.34,,,
25,27.66,,,
25,29.58,,,
25,35.69,,,
25,38.98,,,
25,39.63,,,
25,47.76,,,
25,49.47,,,
25,52.91,,,
25,64.74,,,
25,65.71,,,
25,234.5,,,
26,1.01,,,
26,1.04,,,
26,1.08,,,
26,1.14,,,
26,1.14,,,
26,1.34,,,
26,1.4,,,
26,1.4,,,
26,1.49,,,
26,1.56,,,
26,1.6,,,
26,1.74,,,
26,1.82,,,
26,1.86,,,
26,2.14,,,
26,2.4,,,
26,2.4,,,
26,2.43,,,
26,2.64,,,
26,2.64,,,
26,2.65,,,
26,2.67,,,
26,2.68,,,
26,2.72,,,
26,2.78,,,
26,2.79,,,
26,2.81,,,
26,2.83,,,
26,2.95,,,
26,2.96,,,
26,2.988,,,
26,2.99,,,
26,3.02,,,
26,3.19,,,
26,3.22,,,
26,3.23,,,
26,3.28,,,
26,3.32,,,
26,3.34,,,
26,3.38,,,
26,3.47,,,
26,3.48,,,
26,3.53,,,
26,3.56,,,
26,3.76,,,
26,3.91,,,
26,4.03,,,
26,4.04,,,
26,4.04,,,
26,4.11,,,
26,4.12,,,
26,4.29,,,
26,4.33,,,
26,4.39,,,
26,4.41,,,
26,4.49,,,
26,4.52,,,
26,4.62,,,
26,4.69,,,
26,4.84,,,
26,4.99,,,
26,5.09,,,
26,5.39,,,
26,5.67,,,
26,5.75,,,
26,5.85,,,
26,5.86,,,
26,5.93,,,
26,6.11,,,
26,6.3,,,
26,6.51,,,
26,6.66,,,
26,6.74,,,
26,6.85,,,
26,7,,,
26,7.02,,,
26,7.13,,,
26,7.28,,,
26,7.38,,,
26,7.46,,,
26,7.51,,,
26,7.81,,,
26,7.83,,,
26,7.85,,,
26,8.93,,,
26,9.12,,,
26,9.54,,,
26,9.78,,,
26,9.8,,,
26,9.86,,,
26,10.23,,,
26,10.28,,,
26,11.51,,,
26,12.35,,,
26,12.37,,,
26,12.46,,,
26,12.55,,,
26,13.81,,,
26,15.31,,,
26,15.67,,,
26,16.19,,,
26,16.61,,,
26,17.24,,,
26,17.94,,,
26,19.21,,,
26,19.22,,,
26,20.18,,,
26,20.19,,,
26,20.45,,,
26,21.25,,,
26,21.64,,,
26,22.57,,,
26,22.7,,,
26,23.48,,,
26,26.74,,,
26,31.77,,,
26,31.91,,,
26,32.92,,,
26,38.17,,,
26,41,,,
26,90.18,,,
26,92.22,,,
26,429,,,
27,1.05,,,
27,1.07,,,
27,1.19,,,
27,1.25,,,
27,1.26,,,
27,1.36,,,
27,1.38,,,
27,1.39,,,
27,1.4,,,
27,1.41,,,
27,1.44,,,
27,1.56,,,
27,1.62,,,
27,1.69,,,
27,1.71,,,
27,1.71,,,
27,1.76,,,
27,1.81,,,
27,1.83,,,
27,1.87,,,
27,1.91,,,
27,2,,,
27,2.04,,,
27,2.05,,,
27,2.11,,,
27,2.16,,,
27,2.16,,,
27,2.17,,,
27,2.18,,,
27,2.19,,,
27,2.23,,,
27,2.26,,,
27,2.26,,,
27,2.29,,,
27,2.32,,,
27,2.34,,,
27,2.44,,,
27,2.45,,,
27,2.49,,,
27,2.6,,,
27,2.61,,,
27,2.62,,,
27,2.63,,,
27,2.63,,,
27,2.66,,,
27,2.88,,,
27,2.9,,,
27,2.92,,,
27,2.99,,,
27,3.04,,,
27,3.15,,,
27,3.18,,,
27,3.19,,,
27,3.23,,,
27,3.37,,,
27,3.51,,,
27,3.56,,,
27,3.57,,,
27,3.65,,,
27,3.71,,,
27,3.76,,,
27,3.78,,,
27,3.81,,,
27,3.83,,,
27,3.84,,,
27,3.9,,,
27,3.94,,,
27,3.96,,,
27,3.98,,,
27,4.02,,,
27,4.09,,,
27,4.1,,,
27,4.24,,,
27,4.26,,,
27,4.29,,,
27,4.42,,,
27,4.45,,,
27,4.52,,,
27,4.58,,,
27,4.58,,,
27,4.61,,,
27,4.66,,,
27,5,,,
27,5.02,,,
27,5.09,,,
27,5.3,,,
27,5.37,,,
27,5.39,,,
27,5.43,,,
27,5.5,,,
27,5.5,,,
27,5.6,,,
27,5.71,,,
27,5.72,,,
27,5.85,,,
27,6.04,,,
27,6.65,,,
27,6.91,,,
27,6.96,,,
27,7.16,,,
27,7.22,,,
27,7.47,,,
27,7.57,,,
27,7.58,,,
27,7.67,,,
27,7.86,,,
27,8,,,
27,8.31,,,
27,8.51,,,
27,8.61,,,
27,8.66,,,
27,8.68,,,
27,8.9,,,
27,9.44,,,
27,9.93,,,
27,10.46,,,
27,10.6,,,
27,10.6,,,
27,10.8,,,
27,11.44,,,
27,11.47,,,
27,11.6,,,
27,12.33,,,
27,12.5,,,
27,13.07,,,
27,13.34,,,
27,13.34,,,
27,14.37,,,
27,14.39,,,
27,15.61,,,
27,16.02,,,
27,17.61,,,
27,18.93,,,
27,19.63,,,
27,19.68,,,
27,20.16,,,
27,22,,,
27,25.56,,,
27,33.23,,,
27,33.52,,,
27,58.39,,,
27,69.53,,,
27,71.53,,,
27,100.43,,,
27,103.06,,,
28,1.01,,,
28,1.22,,,
28,1.51,,,
28,1.55,,,
28,1.67,,,
28,1.73,,,
28,1.78,,,
28,1.82,,,
28,1.84,,,
28,2.01,,,
28,2.14,,,
28,2.19,,,
28,2.2,,,
28,2.32,,,
28,2.37,,,
28,2.56,,,
28,2.7,,,
28,2.73,,,
28,2.85,,,
28,2.91,,,
28,2.97,,,
28,2.99,,,
28,3.03,,,
28,3.05,,,
28,3.12,,,
28,3.14,,,
28,3.17,,,
28,3.18,,,
28,3.18,,,
28,3.21,,,
28,3.22,,,
28,3.22,,,
28,3.29,,,
28,3.29,,,
28,3.31,,,
28,3.32,,,
28,3.33,,,
28,3.35,,,
28,3.49,,,
28,3.67,,,
28,3.71,,,
28,3.76,,,
28,3.78,,,
28,3.82,,,
28,4.06,,,
28,4.08,,,
28,4.1,,,
28,4.18,,,
28,4.24,,,
28,4.37,,,
28,4.47,,,
28,4.47,,,
28,4.53,,,
28,4.56,,,
28,4.63,,,
28,4.64,,,
28,4.77,,,
28,4.81,,,
28,4.83,,,
28,4.84,,,
28,4.86,,,
28,5.17,,,
28,5.38,,,
28,5.38,,,
28,5.43,,,
28,5.45,,,
28,5.69,,,
28,5.7,,,
28,5.99,,,
28,6.12,,,
28,6.15,,,
28,6.22,,,
28,6.33,,,
28,6.37,,,
28,6.4,,,
28,6.68,,,
28,6.7,,,
28,7.36,,,
28,7.37,,,
28,7.49,,,
28,7.68,,,
28,7.69,,,
28,7.8,,,
28,7.87,,,
28,8.8,,,
28,8.98,,,
28,9.41,,,
28,10.28,,,
28,10.42,,,
28,10.54,,,
28,12.3,,,
28,12.36,,,
28,12.76,,,
28,13.3,,,
28,13.62,,,
28,14.2,,,
28,14.2,,,
28,14.21,,,
28,14.41,,,
28,14.61,,,
28,14.95,,,
28,15.17,,,
28,15.21,,,
28,15.37,,,
28,15.56,,,
28,15.67,,,
28,16.08,,,
28,16.29,,,
28,17.25,,,
28,17.26,,,
28,18.3,,,
28,19.16,,,
28,19.4,,,
28,20.07,,,
28,20.36,,,
28,22.37,,,
28,23.01,,,
28,23.38,,,
28,23.52,,,
28,23.55,,,
28,24.09,,,
28,24.55,,,
28,25.59,,,
28,29.61,,,
28,37.68,,,
28,45.43,,,
28,48.79,,,
28,51.36,,,
28,59.04,,,
28,100.92,,,
28,152.17,,,
29,1.21,,,
29,1.24,,,
29,1.31,,,
29,1.36,,,
29,1.4,,,
29,1.56,,,
29,1.59,,,
29,1.68,,,
29,1.8,,,
29,1.88,,,
29,1.9,,,
29,2,,,
29,2.01,,,
29,2.02,,,
29,2.09,,,
29,2.1,,,
29,2.16,,,
29,2.21,,,
29,2.23,,,
29,2.26,,,
29,2.32,,,
29,2.33,,,
29,2.34,,,
29,2.34,,,
29,2.41,,,
29,2.46,,,
29,2.52,,,
29,2.61,,,
29,2.62,,,
29,2.69,,,
29,2.69,,,
29,2.71,,,
29,2.71,,,
29,2.73,,,
29,2.73,,,
29,2.74,,,
29,2.74,,,
29,2.75,,,
29,2.76,,,
29,2.78,,,
29,2.79,,,
29,2.88,,,
29,2.92,,,
29,2.94,,,
29,2.94,,,
29,3.02,,,
29,3.07,,,
29,3.12,,,
29,3.18,,,
29,3.24,,,
29,3.28,,,
29,3.32,,,
29,3.42,,,
29,3.52,,,
29,3.53,,,
29,3.56,,,
29,3.61,,,
29,3.61,,,
29,3.67,,,
29,3.8,,,
29,3.82,,,
29,3.89,,,
29,3.94,,,
29,4.2,,,
29,4.32,,,
29,4.37,,,
29,4.54,,,
29,4.59,,,
29,4.62,,,
29,4.64,,,
29,4.65,,,
29,4.72,,,
29,4.77,,,
29,4.79,,,
29,4.81,,,
29,4.82,,,
29,4.82,,,
29,4.83,,,
29,4.95,,,
29,4.96,,,
29,5.03,,,
29,5.03,,,
29,5.07,,,
29,5.12,,,
29,5.15,,,
29,5.2,,,
29,5.27,,,
29,5.27,,,
29,5.28,,,
29,5.28,,,
29,5.38,,,
29,5.38,,,
29,5.44,,,
29,5.65,,,
29,5.69,,,
29,5.7,,,
29,5.7,,,
29,5.75,,,
29,5.79,,,
29,5.84,,,
29,5.85,,,
29,5.88,,,
29,5.91,,,
29,5.96,,,
29,6.08,,,
29,6.09,,,
29,6.14,,,
29,6.2,,,
29,6.43,,,
29,6.44,,,
29,6.56,,,
29,6.62,,,
29,6.62,,,
29,6.65,,,
29,6.7,,,
29,6.74,,,
29,6.75,,,
29,6.81,,,
29,6.91,,,
29,6.98,,,
29,7.05,,,
29,7.17,,,
29,7.24,,,
29,7.32,,,
29,7.37,,,
29,7.46,,,
29,7.77,,,
29,7.92,,,
29,7.96,,,
29,7.98,,,
29,8.11,,,
29,8.15,,,
29,8.21,,,
29,8.27,,,
29,8.32,,,
29,8.35,,,
29,8.59,,,
29,8.64,,,
29,8.68,,,
29,9.04,,,
29,9.06,,,
29,9.09,,,
29,9.17,,,
29,9.36,,,
29,9.51,,,
29,9.73,,,
29,9.77,,,
29,9.97,,,
29,10.01,,,
29,10.05,,,
29,10.26,,,
29,10.4,,,
29,11.08,,,
29,11.08,,,
29,11.18,,,
29,11.42,,,
29,11.59,,,
29,11.62,,,
29,11.72,,,
29,11.88,,,
29,12.02,,,
29,12.1,,,
29,12.53,,,
29,13.05,,,
29,13.05,,,
29,13.44,,,
29,13.52,,,
29,13.7,,,
29,13.78,,,
29,13.79,,,
29,13.87,,,
29,14.07,,,
29,14.11,,,
29,14.15,,,
29,14.3,,,
29,14.31,,,
29,14.39,,,
29,14.48,,,
29,14.57,,,
29,14.65,,,
29,15.31,,,
29,15.48,,,
29,15.65,,,
29,16.26,,,
29,17.1,,,
29,17.51,,,
29,17.66,,,
29,17.98,,,
29,18.09,,,
29,19.21,,,
29,19.26,,,
29,19.66,,,
29,20.39,,,
29,20.86,,,
29,21.07,,,
29,21.26,,,
29,23.67,,,
29,23.97,,,
29,24.1,,,
29,24.27,,,
29,24.37,,,
29,24.94,,,
29,25.12,,,
29,25.8,,,
29,26.3,,,
29,29.15,,,
29,29.19,,,
29,29.86,,,
29,30.11,,,
29,31.98,,,
29,33.53,,,
29,35.8,,,
29,39.26,,,
29,40.45,,,
29,41.13,,,
29,44.34,,,
29,56.93,,,
29,61.22,,,
29,81.62,,,
29,95.19,,,
29,128.12,,,
29,132.05,,,
29,133,,,
29,333.36,,,
29,457.98,,,
29,2414.29,,,
30,5.3,,,
30,9.55,,,
30,26.75,,,
30,32.06,,,
30,32.61,,,
30,35.32,,,
30,37.18,,,
30,37.49,,,
30,39.01,,,
30,43.87,,,
30,52.42,,,
30,52.58,,,
30,59.46,,,
30,63.35,,,
30,64.14,,,
30,73.01,,,
30,93.8,,,
30,224.55,,,
31,2.63,,,
31,3.97,,,
31,7.09,,,
31,7.7,,,
31,10.25,,,
31,11.42,,,
31,17.12,,,
31,38.11,,,
31,47.51,,,
31,57.25,,,
31,91.5,,,
31,185.76,,,
32,60.26,,,
33,1.75,,,
33,6.91,,,
33,21.33,,,
33,25.53,,,
33,30.23,,,
33,34.98,,,
33,41.68,,,
33,138.48,,,
33,140.89,,,
33,198.59,,,
33,252.27,,,
33,255.35,,,
34,4.13,,,
34,15.74,,,
34,21.61,,,
34,93.66,,,
34,270.19,,,
35,8.5,,,
35,8.88,,,
35,14.12,,,
35,15.6,,,
35,19.99,,,
35,23.81,,,
35,34.06,,,
35,83.3,,,
35,121.55,,,
35,128.36,,,
35,145.66,,,
36,1.41,,,
36,1.63,,,
36,2.88,,,
36,4.78,,,
36,7.94,,,
36,12.13,,,
36,17.58,,,
36,28.61,,,
36,67.22,,,
36,405.32,,,
36,1329.5,,,
37,4.04,,,
37,5.02,,,
37,5.61,,,
37,5.96,,,
37,7.3,,,
37,8.52,,,
37,9.19,,,
37,11.13,,,
37,11.56,,,
37,11.74,,,
37,12.64,,,
37,13.09,,,
37,13.35,,,
37,21.14,,,
37,35.25,,,
37,44.39,,,
37,61.84,,,
37,63.58,,,
37,70.81,,,
37,125.86,,,
37,233.39,,,
38,29.86,,,
38,50.23,,,
38,106.61,,,
38,198.9,,,
38,435.87,,,
39,2.46,,,
40,1.02,,,
40,1.1,,,
40,1.98,,,
40,2.06,,,
40,3.46,,,
40,3.61,,,
40,3.7,,,
40,4.36,,,
40,4.52,,,
40,4.63,,,
40,5.77,,,
40,6.52,,,
40,9.51,,,
40,10.93,,,
40,13.69,,,
40,14.47,,,
40,18.28,,,
40,124.14,,,
41,1.1,,,
41,1.17,,,
41,1.19,,,
41,1.32,,,
41,1.37,,,
41,1.53,,,
41,1.6,,,
41,1.65,,,
41,1.736,,,
41,1.81,,,
41,1.85,,,
41,1.9,,,
41,2.15,,,
41,2.16,,,
41,2.3,,,
41,2.42,,,
41,2.61,,,
41,2.77,,,
41,2.95,,,
41,3.09,,,
41,3.3,,,
41,3.49,,,
41,3.65,,,
41,3.85,,,
41,4.05,,,
41,4.21,,,
41,4.25,,,
41,4.26,,,
41,4.33,,,
41,4.36,,,
41,4.39,,,
41,4.42,,,
41,4.48,,,
41,4.88,,,
41,5.06,,,
41,5.16,,,
41,5.17,,,
41,5.64,,,
41,5.88,,,
41,6.01,,,
41,6.03,,,
41,6.1,,,
41,6.31,,,
41,6.44,,,
41,6.47,,,
41,7.06,,,
41,7.36,,,
41,7.42,,,
41,7.73,,,
41,7.81,,,
41,8.13,,,
41,8.59,,,
41,8.66,,,
41,8.67,,,
41,9.66,,,
41,10.57,,,
41,10.77,,,
41,11.18,,,
41,11.37,,,
41,12.06,,,
41,12.95,,,
41,13.51,,,
41,13.8,,,
41,15.18,,,
41,16.7,,,
41,16.71,,,
41,18.1,,,
41,20.35,,,
41,20.4,,,
41,22.94,,,
41,25.47,,,
41,29.04,,,
41,30.12,,,
41,31,,,
41,33.52,,,
41,36.11,,,
41,37.01,,,
41,38.8,,,
41,66.89,,,
41,1305,,,
42,1.1,,,
42,1.28,,,
42,1.52,,,
42,1.75,,,
42,1.752,,,
42,2.05,,,
42,2.08,,,
42,2.098,,,
42,2.29,,,
42,2.35,,,
42,2.364,,,
42,2.38,,,
42,2.55,,,
42,2.66,,,
42,2.76,,,
42,2.86,,,
42,2.95,,,
42,3.03,,,
42,3.06,,,
42,3.21,,,
42,3.38,,,
42,3.39,,,
42,3.44,,,
42,3.5,,,
42,3.57,,,
42,3.59,,,
42,3.66,,,
42,3.7,,,
42,3.72,,,
42,3.74,,,
42,3.83,,,
42,3.84,,,
42,3.88,,,
42,3.96,,,
42,3.97,,,
42,4.05,,,
42,4.22,,,
42,4.23,,,
42,4.27,,,
42,4.32,,,
42,4.4,,,
42,4.51,,,
42,4.52,,,
42,4.54,,,
42,4.6,,,
42,4.97,,,
42,5.1,,,
42,5.43,,,
42,5.45,,,
42,5.62,,,
42,5.83,,,
42,6.68,,,
42,6.78,,,
42,7.21,,,
42,7.7,,,
42,7.71,,,
42,8.11,,,
42,8.3,,,
42,8.9,,,
42,8.92,,,
42,9.18,,,
42,9.25,,,
42,9.41,,,
42,9.66,,,
42,9.7,,,
42,10.03,,,
42,10.5,,,
42,10.67,,,
42,11.43,,,
42,11.83,,,
42,12.7,,,
42,13.13,,,
42,13.5,,,
42,13.98,,,
42,15.44,,,
42,15.77,,,
42,18.24,,,
42,18.79,,,
42,20.83,,,
42,20.92,,,
42,24.56,,,
42,26.3,,,
42,26.63,,,
42,27.444,,,
42,30.89,,,
42,31.61,,,
42,31.87,,,
42,32.93,,,
42,33.17,,,
42,35.69,,,
42,37.69,,,
42,40.2,,,
42,50.22,,,
42,55.64,,,
42,59.29,,,
42,80.21,,,
42,199.73,,,
42,633,,,
43,1.32,,,
43,1.36,,,
43,1.38,,,
43,1.43,,,
43,1.56,,,
43,1.56,,,
43,1.77,,,
43,1.91,,,
43,1.95,,,
43,1.99,,,
43,2,,,
43,2.18,,,
43,2.22,,,
43,2.25,,,
43,2.3,,,
43,2.32,,,
43,2.68,,,
43,2.74,,,
43,2.78,,,
43,2.9,,,
43,2.97,,,
43,3,,,
43,3.16,,,
43,3.16,,,
43,3.25,,,
43,3.38,,,
43,3.38,,,
43,3.54,,,
43,3.57,,,
43,3.9,,,
43,4,,,
43,4.05,,,
43,4.22,,,
43,4.34,,,
43,4.69,,,
43,5.04,,,
43,5.06,,,
43,5.16,,,
43,5.38,,,
43,5.58,,,
43,5.75,,,
43,5.9,,,
43,6.08,,,
43,6.21,,,
43,6.25,,,
43,6.27,,,
43,6.7,,,
43,7.29,,,
43,7.54,,,
43,8.61,,,
43,8.7,,,
43,9.09,,,
43,9.72,,,
43,10.66,,,
43,10.97,,,
43,11.02,,,
43,11.18,,,
43,12.96,,,
43,14.43,,,
43,15.62,,,
43,16.22,,,
43,17.25,,,
43,17.38,,,
43,23.27,,,
43,24.08,,,
43,25.25,,,
43,27.15,,,
43,35.1,,,
43,35.2,,,
43,39.61,,,
43,40.85,,,
43,48.86,,,
43,63.38,,,
43,76.88,,,
43,78.16,,,
43,132.74,,,
44,1.39,,,
44,1.64,,,
44,1.65,,,
44,2.37,,,
44,2.72,,,
44,3.03,,,
44,3.08,,,
44,3.2,,,
44,3.26,,,
44,3.4,,,
44,3.5,,,
44,5.09,,,
44,5.21,,,
44,5.25,,,
44,5.58,,,
44,5.76,,,
44,5.82,,,
44,6.14,,,
44,6.45,,,
44,6.46,,,
44,6.8,,,
44,6.91,,,
44,7.03,,,
44,7.59,,,
44,7.78,,,
44,7.96,,,
44,8.23,,,
44,8.55,,,
44,8.57,,,
44,8.77,,,
44,9.3,,,
44,9.41,,,
44,9.97,,,
44,10.04,,,
44,10.32,,,
44,10.93,,,
44,11.49,,,
44,12.53,,,
44,13.13,,,
44,15.65,,,
44,15.79,,,
44,15.81,,,
44,15.83,,,
44,16.79,,,
44,19.03,,,
44,19.58,,,
44,28,,,
44,36.66,,,
44,38.43,,,
44,49.02,,,
44,62.27,,,
44,69.28,,,
44,148.98,,,
45,1.05,,,
45,1.05,,,
45,1.06,,,
45,1.28,,,
45,1.31,,,
45,1.36,,,
45,1.4,,,
45,1.47,,,
45,1.48,,,
45,1.49,,,
45,1.52,,,
45,1.53,,,
45,1.67,,,
45,1.83,,,
45,1.83,,,
45,1.9,,,
45,1.91,,,
45,1.93,,,
45,1.94,,,
45,1.96,,,
45,1.99,,,
45,2.01,,,
45,2.03,,,
45,2.13,,,
45,2.19,,,
45,2.23,,,
45,2.24,,,
45,2.3,,,
45,2.3,,,
45,2.36,,,
45,2.43,,,
45,2.45,,,
45,2.48,,,
45,2.51,,,
45,2.53,,,
45,2.53,,,
45,2.53,,,
45,2.58,,,
45,2.6,,,
45,2.69,,,
45,2.72,,,
45,2.83,,,
45,2.89,,,
45,2.91,,,
45,2.91,,,
45,2.98,,,
45,2.99,,,
45,3.07,,,
45,3.21,,,
45,3.28,,,
45,3.29,,,
45,3.73,,,
45,3.78,,,
45,3.8,,,
45,3.92,,,
45,4,,,
45,4.01,,,
45,4.1,,,
45,4.15,,,
45,4.21,,,
45,4.25,,,
45,4.3,,,
45,4.31,,,
45,4.36,,,
45,4.37,,,
45,4.37,,,
45,4.39,,,
45,4.45,,,
45,4.48,,,
45,4.55,,,
45,4.57,,,
45,4.61,,,
45,4.76,,,
45,4.99,,,
45,5.01,,,
45,5.05,,,
45,5.13,,,
45,5.17,,,
45,5.34,,,
45,5.77,,,
45,5.79,,,
45,5.83,,,
45,6,,,
45,6.11,,,
45,6.14,,,
45,6.75,,,
45,7.25,,,
45,7.43,,,
45,7.62,,,
45,7.73,,,
45,7.89,,,
45,8.22,,,
45,8.27,,,
45,8.28,,,
45,8.42,,,
45,8.46,,,
45,8.82,,,
45,9.26,,,
45,10.55,,,
45,10.79,,,
45,10.82,,,
45,11.09,,,
45,11.13,,,
45,11.2,,,
45,11.48,,,
45,11.86,,,
45,12.21,,,
45,12.26,,,
45,12.33,,,
45,13.1,,,
45,13.54,,,
45,14.66,,,
45,15.37,,,
45,15.42,,,
45,15.48,,,
45,15.55,,,
45,15.83,,,
45,16.9,,,
45,17.26,,,
45,17.65,,,
45,17.93,,,
45,18.92,,,
45,19.89,,,
45,20.08,,,
45,20.32,,,
45,20.65,,,
45,21.28,,,
45,21.6,,,
45,23.81,,,
45,24.32,,,
45,25.31,,,
45,25.6,,,
45,25.91,,,
45,26.78,,,
45,27.75,,,
45,30.72,,,
45,33.84,,,
45,34.44,,,
45,35.51,,,
45,35.61,,,
45,36.01,,,
45,36.29,,,
45,41.39,,,
45,42.88,,,
45,64.35,,,
45,65.58,,,
45,75,,,
45,80.68,,,
45,87.28,,,
45,116.39,,,
46,1.02,,,
46,1.1,,,
46,1.32,,,
46,1.34,,,
46,1.39,,,
46,1.45,,,
46,1.47,,,
46,1.58,,,
46,1.65,,,
46,1.65,,,
46,1.73,,,
46,1.79,,,
46,1.79,,,
46,1.9,,,
46,2.06,,,
46,2.18,,,
46,2.22,,,
46,2.76,,,
46,2.85,,,
46,2.86,,,
46,2.87,,,
46,2.95,,,
46,3.06,,,
46,3.15,,,
46,3.21,,,
46,3.33,,,
46,3.49,,,
46,3.52,,,
46,3.67,,,
46,4.16,,,
46,4.67,,,
46,4.78,,,
46,5.14,,,
46,5.39,,,
46,5.557,,,
46,5.66,,,
46,5.79,,,
46,6.22,,,
46,6.58,,,
46,7.2,,,
46,7.72,,,
46,8.03,,,
46,8.07,,,
46,8.25,,,
46,8.39,,,
46,8.66,,,
46,9.87,,,
46,9.99,,,
46,10.27,,,
46,10.31,,,
46,10.98,,,
46,11.7,,,
46,12.94,,,
46,15.55,,,
46,17.24,,,
46,17.58,,,
46,17.94,,,
46,20.202,,,
46,20.48,,,
46,22.13,,,
46,36.55,,,
46,45.6,,,
46,50.23,,,
46,61.81,,,
46,70.78,,,
46,81.03,,,
46,91.24,,,
46,116.82,,,
46,212.75,,,
47,1.39,,,
47,1.4,,,
47,1.68,,,
47,1.79,,,
47,1.82,,,
47,1.86,,,
47,2.04,,,
47,2.15,,,
47,2.16,,,
47,2.34,,,
47,2.92,,,
47,3.07,,,
47,3.07,,,
47,3.16,,,
47,3.35,,,
47,3.85,,,
47,4.16,,,
47,4.3,,,
47,5.14,,,
47,5.24,,,
47,5.25,,,
47,5.58,,,
47,5.76,,,
47,5.85,,,
47,6.06,,,
47,6.28,,,
47,6.88,,,
47,6.95,,,
47,7.13,,,
47,7.54,,,
47,7.97,,,
47,8,,,
47,9.31,,,
47,9.94,,,
47,10.1,,,
47,10.49,,,
47,10.84,,,
47,11.75,,,
47,12.59,,,
47,13.13,,,
47,14.07,,,
47,14.4,,,
47,14.66,,,
47,16.3,,,
47,16.3,,,
47,17.46,,,
47,18.45,,,
47,21.27,,,
47,22.5,,,
47,24.39,,,
47,26.06,,,
47,29.8,,,
47,33.01,,,
47,39.44,,,
47,60.39,,,
47,77.36,,,
47,90.85,,,
47,133.69,,,
47,162.23,,,
48,1.53,,,
48,1.64,,,
48,1.67,,,
48,1.9,,,
48,2.4,,,
48,2.53,,,
48,2.89,,,
48,2.91,,,
48,3.31,,,
48,3.57,,,
48,4.16,,,
48,4.69,,,
48,4.92,,,
48,4.93,,,
48,4.98,,,
48,5.08,,,
48,6.5,,,
48,6.95,,,
48,7.02,,,
48,7.61,,,
48,8.26,,,
48,8.34,,,
48,8.45,,,
48,8.55,,,
48,10.16,,,
48,10.94,,,
48,11.02,,,
48,11.8,,,
48,13.61,,,
48,14.54,,,
48,14.69,,,
48,16.66,,,
48,18.87,,,
48,28.8,,,
48,41.85,,,
48,46.89,,,
48,57.55,,,
48,81.58,,,
48,104.8,,,
48,110.26,,,
48,117.53,,,
48,182.65,,,
49,1.07,,,
49,1.16,,,
49,1.45,,,
49,1.56,,,
49,1.6,,,
49,1.94,,,
49,1.98,,,
49,1.99,,,
49,2.08,,,
49,2.34,,,
49,2.43,,,
49,2.45,,,
49,2.93,,,
49,3.27,,,
49,3.51,,,
49,3.52,,,
49,3.72,,,
49,3.81,,,
49,4.12,,,
49,4.45,,,
49,5.83,,,
49,5.87,,,
49,6.01,,,
49,7.32,,,
49,8.18,,,
49,8.24,,,
49,9.65,,,
49,10.41,,,
49,10.7,,,
49,12.02,,,
49,13.11,,,
49,13.13,,,
49,14.73,,,
49,17.08,,,
49,18.69,,,
49,22.29,,,
49,23.04,,,
49,30.02,,,
49,30.05,,,
49,33.73,,,
49,33.8,,,
49,34.07,,,
49,44.08,,,
49,89.89,,,
49,91.05,,,
50,1.51,,,
50,1.54,,,
50,1.68,,,
50,1.92,,,
50,2.09,,,
50,2.23,,,
50,2.51,,,
50,2.78,,,
50,2.9,,,
50,2.91,,,
50,2.98,,,
50,3.13,,,
50,3.47,,,
50,3.59,,,
50,3.86,,,
50,4.73,,,
50,4.74,,,
50,4.88,,,
50,5.13,,,
50,5.98,,,
50,6.42,,,
50,7.29,,,
50,8.28,,,
50,8.88,,,
50,9.64,,,
50,10.86,,,
50,11.4,,,
50,11.92,,,
50,14.81,,,
50,16.08,,,
50,17.79,,,
50,18.77,,,
50,22.76,,,
50,26.84,,,
50,29.01,,,
50,33.61,,,
50,50.6,,,
50,66.27,,,
50,90.88,,,
50,108.46,,,
51,1.02,,,
51,1.16,,,
51,1.24,,,
51,1.28,,,
51,1.39,,,
51,2.52,,,
51,2.72,,,
51,2.92,,,
51,2.92,,,
51,2.95,,,
51,3.36,,,
51,3.59,,,
51,3.76,,,
51,4,,,
51,4.54,,,
51,4.89,,,
51,5,,,
51,5.47,,,
51,5.54,,,
51,6.36,,,
51,6.4,,,
51,6.63,,,
51,6.75,,,
51,7.95,,,
51,8.3,,,
51,8.47,,,
51,8.58,,,
51,10.08,,,
51,11.23,,,
51,12.03,,,
51,13.15,,,
51,15.39,,,
51,21.51,,,
51,22.37,,,
51,28.81,,,
51,40.32,,,
51,41.72,,,
51,52.17,,,
51,55.65,,,
52,1.07,,,
52,1.32,,,
52,1.7,,,
52,1.8,,,
52,2.07,,,
52,2.09,,,
52,2.16,,,
52,2.2,,,
52,2.4,,,
52,2.46,,,
52,2.59,,,
52,2.59,,,
52,2.71,,,
52,2.95,,,
52,2.96,,,
52,3.01,,,
52,3.09,,,
52,3.14,,,
52,3.18,,,
52,3.26,,,
52,3.59,,,
52,3.68,,,
52,3.91,,,
52,3.95,,,
52,4.31,,,
52,4.41,,,
52,5.05,,,
52,5.19,,,
52,5.45,,,
52,5.48,,,
52,5.97,,,
52,6.12,,,
52,6.39,,,
52,6.48,,,
52,6.51,,,
52,6.73,,,
52,6.85,,,
52,6.92,,,
52,7.05,,,
52,7.18,,,
52,7.31,,,
52,7.46,,,
52,7.51,,,
52,7.99,,,
52,8.1,,,
52,8.34,,,
52,8.4,,,
52,8.81,,,
52,8.91,,,
52,9.39,,,
52,9.59,,,
52,11.41,,,
52,11.82,,,
52,11.96,,,
52,12.39,,,
52,12.72,,,
52,13.28,,,
52,13.81,,,
52,21.32,,,
52,22.23,,,
52,22.55,,,
52,24.5,,,
52,27.41,,,
52,28.23,,,
52,32.26,,,
52,37.77,,,
52,39.96,,,
52,60.98,,,
52,190.88,,,
53,1.45,,,
53,2.07,,,
53,2.12,,,
53,2.19,,,
53,2.31,,,
53,2.79,,,
53,3.01,,,
53,3.12,,,
53,3.15,,,
53,3.18,,,
53,3.42,,,
53,3.9,,,
53,3.99,,,
53,4.83,,,
53,5,,,
53,7.3,,,
53,7.34,,,
53,7.4,,,
53,7.43,,,
53,7.44,,,
53,8.55,,,
53,9.4,,,
53,9.64,,,
53,10.4,,,
53,11.41,,,
53,11.43,,,
53,12.93,,,
53,20.98,,,
53,29.06,,,
53,34.73,,,
53,140.26,,,
54,1.12,,,
54,1.33,,,
54,1.51,,,
54,1.63,,,
54,1.74,,,
54,1.92,,,
54,2.01,,,
54,2.04,,,
54,2.21,,,
54,2.24,,,
54,2.33,,,
54,2.84,,,
54,2.87,,,
54,3.5,,,
54,3.52,,,
54,3.56,,,
54,3.66,,,
54,3.76,,,
54,3.78,,,
54,4,,,
54,4.58,,,
54,5.02,,,
54,5.12,,,
54,5.55,,,
54,6.02,,,
54,6.23,,,
54,7.08,,,
54,7.55,,,
54,8.32,,,
54,9.32,,,
54,10.58,,,
54,10.66,,,
54,10.77,,,
54,21.98,,,
54,22.5,,,
54,41.22,,,
54,50.39,,,
54,91.06,,,
55,1.05,,,
55,1.41,,,
55,1.71,,,
55,1.8,,,
55,1.83,,,
55,1.86,,,
55,1.91,,,
55,2.19,,,
55,2.34,,,
55,2.36,,,
55,2.43,,,
55,2.53,,,
55,2.89,,,
55,3.28,,,
55,3.31,,,
55,3.35,,,
55,3.36,,,
55,3.79,,,
55,3.85,,,
55,3.94,,,
55,4.04,,,
55,4.04,,,
55,4.11,,,
55,4.15,,,
55,4.31,,,
55,5.04,,,
55,5.19,,,
55,5.8,,,
55,6.18,,,
55,6.37,,,
55,6.45,,,
55,6.59,,,
55,6.87,,,
55,7.7,,,
55,7.83,,,
55,7.9,,,
55,8.26,,,
55,9.34,,,
55,9.82,,,
55,9.96,,,
55,10.87,,,
55,10.93,,,
55,11.29,,,
55,13.29,,,
55,15.36,,,
55,18.2,,,
55,19.09,,,
55,19.52,,,
55,20.6,,,
55,31.01,,,
55,66.01,,,
55,73.26,,,
56,1.83,,,
56,1.86,,,
56,1.96,,,
56,2.61,,,
56,2.65,,,
56,2.7,,,
56,2.8,,,
56,3.06,,,
56,3.13,,,
56,3.41,,,
56,4.01,,,
56,4.09,,,
56,4.19,,,
56,4.25,,,
56,4.5,,,
56,5.23,,,
56,5.37,,,
56,8.38,,,
56,9.75,,,
56,9.83,,,
56,10.71,,,
56,11.17,,,
56,18.28,,,
56,20.9,,,
56,22.17,,,
56,24.17,,,
56,24.84,,,
56,25.54,,,
56,76.97,,,
56,137.53,,,
57,1.09,,,
57,1.12,,,
57,1.22,,,
57,1.38,,,
57,1.48,,,
57,1.49,,,
57,1.78,,,
57,1.79,,,
57,2.07,,,
57,2.25,,,
57,2.26,,,
57,2.4,,,
57,2.44,,,
57,2.65,,,
57,2.69,,,
57,2.73,,,
57,2.9,,,
57,2.95,,,
57,3.13,,,
57,3.21,,,
57,3.22,,,
57,3.92,,,
57,4.1,,,
57,4.11,,,
57,4.49,,,
57,4.65,,,
57,4.71,,,
57,4.74,,,
57,4.78,,,
57,4.79,,,
57,5.01,,,
57,5.12,,,
57,5.17,,,
57,5.2,,,
57,5.3,,,
57,5.41,,,
57,5.52,,,
57,5.7,,,
57,5.89,,,
57,5.93,,,
57,5.98,,,
57,6.03,,,
57,6.2,,,
57,6.22,,,
57,6.86,,,
57,6.9,,,
57,7.53,,,
57,7.77,,,
57,7.86,,,
57,7.92,,,
57,8.52,,,
57,8.71,,,
57,8.98,,,
57,9.16,,,
57,9.61,,,
57,9.8,,,
57,9.86,,,
57,10.23,,,
57,10.64,,,
57,10.66,,,
57,12.45,,,
57,12.5,,,
57,12.79,,,
57,12.93,,,
57,13,,,
57,13.5,,,
57,14.54,,,
57,14.71,,,
57,14.76,,,
57,14.9,,,
57,16.5,,,
57,16.9,,,
57,17.46,,,
57,17.66,,,
57,20.18,,,
57,20.35,,,
57,20.44,,,
57,22.69,,,
57,23.2,,,
57,24.13,,,
57,24.26,,,
57,31,,,
57,35.96,,,
57,37.39,,,
57,39.63,,,
57,39.83,,,
57,50.33,,,
57,84.66,,,
57,85.55,,,
57,97.58,,,
57,166.51,,,
58,1.01,,,
58,1.35,,,
58,1.48,,,
58,1.66,,,
58,1.7,,,
58,1.71,,,
58,1.85,,,
58,2.76,,,
58,2.82,,,
58,3.3,,,
58,3.55,,,
58,3.65,,,
58,3.85,,,
58,4.5,,,
58,5.15,,,
58,5.49,,,
58,5.78,,,
58,5.96,,,
58,6.98,,,
58,7.08,,,
58,7.55,,,
58,7.86,,,
58,8.23,,,
58,8.25,,,
58,8.63,,,
58,9.35,,,
58,9.49,,,
58,9.54,,,
58,10.01,,,
58,12.13,,,
58,13.14,,,
58,13.7,,,
58,14.21,,,
58,14.39,,,
58,14.68,,,
58,15.39,,,
58,18.17,,,
58,20.19,,,
58,24.69,,,
58,40.47,,,
58,40.7,,,
58,41.68,,,
58,95.54,,,
58,255.32,,,
59,1.14,,,
59,1.7,,,
59,1.93,,,
59,1.94,,,
59,1.98,,,
59,2.13,,,
59,2.26,,,
59,2.59,,,
59,2.6,,,
59,2.82,,,
59,2.85,,,
59,3.21,,,
59,3.35,,,
59,3.43,,,
59,3.51,,,
59,3.64,,,
59,3.73,,,
59,3.77,,,
59,4.08,,,
59,4.09,,,
59,4.84,,,
59,5.25,,,
59,5.47,,,
59,5.6,,,
59,6.1,,,
59,6.18,,,
59,6.38,,,
59,6.49,,,
59,6.56,,,
59,6.56,,,
59,6.63,,,
59,6.85,,,
59,6.95,,,
59,8.07,,,
59,8.12,,,
59,9.47,,,
59,9.5,,,
59,9.51,,,
59,9.62,,,
59,9.78,,,
59,13.73,,,
59,14.75,,,
59,15,,,
59,15.84,,,
59,16.31,,,
59,19,,,
59,19.38,,,
59,21.25,,,
59,21.46,,,
59,22.66,,,
59,29.8,,,
59,34.36,,,
59,34.45,,,
59,46.55,,,
59,48.17,,,
59,61.91,,,
59,69.34,,,
59,87.2,,,
59,277.41,,,
60,1.07,,,
60,1.07,,,
60,1.26,,,
60,1.33,,,
60,1.84,,,
60,2,,,
60,2.01,,,
60,2.01,,,
60,2.21,,,
60,2.35,,,
60,3.13,,,
60,3.39,,,
60,3.58,,,
60,3.97,,,
60,4.42,,,
60,4.88,,,
60,5.09,,,
60,5.56,,,
60,5.6,,,
60,6.21,,,
60,6.84,,,
60,8.66,,,
60,9.91,,,
60,10.67,,,
60,12.53,,,
60,13.18,,,
60,13.31,,,
60,13.71,,,
60,14.71,,,
60,15.21,,,
60,15.66,,,
60,15.72,,,
60,18.04,,,
60,21.65,,,
60,24.32,,,
60,25.45,,,
60,25.53,,,
60,27.47,,,
60,31.39,,,
60,52.51,,,
60,63.33,,,
60,174.33,,,
61,1.17,,,
61,1.22,,,
61,1.28,,,
61,1.31,,,
61,1.5,,,
61,1.55,,,
61,1.6,,,
61,1.63,,,
61,1.87,,,
61,2.04,,,
61,2.34,,,
61,2.51,,,
61,2.61,,,
61,2.77,,,
61,2.82,,,
61,3.22,,,
61,3.24,,,
61,3.26,,,
61,3.44,,,
61,3.54,,,
61,3.6,,,
61,3.68,,,
61,3.88,,,
61,4.31,,,
61,4.62,,,
61,5.01,,,
61,5.49,,,
61,5.78,,,
61,5.85,,,
61,5.86,,,
61,6,,,
61,6.55,,,
61,6.69,,,
61,7.73,,,
61,7.75,,,
61,7.82,,,
61,7.86,,,
61,7.92,,,
61,8.5,,,
61,8.82,,,
61,10.32,,,
61,11.28,,,
61,12.02,,,
61,12.11,,,
61,12.84,,,
61,13.07,,,
61,15.32,,,
61,18.19,,,
61,22.05,,,
61,22.96,,,
61,26.24,,,
61,28.14,,,
61,47.81,,,
61,51.78,,,
61,75.86,,,
62,1.06,,,
62,1.08,,,
62,1.11,,,
62,1.23,,,
62,1.38,,,
62,1.4,,,
62,1.44,,,
62,1.53,,,
62,1.57,,,
62,1.58,,,
62,1.62,,,
62,1.7,,,
62,1.71,,,
62,1.72,,,
62,1.77,,,
62,1.8,,,
62,1.81,,,
62,1.81,,,
62,1.96,,,
62,2.75,,,
62,2.81,,,
62,2.9,,,
62,3.09,,,
62,3.11,,,
62,3.21,,,
62,3.22,,,
62,3.64,,,
62,3.66,,,
62,3.84,,,
62,3.96,,,
62,4.23,,,
62,4.33,,,
62,4.5,,,
62,4.55,,,
62,4.58,,,
62,4.59,,,
62,4.84,,,
62,5,,,
62,5.14,,,
62,5.3,,,
62,5.64,,,
62,6.28,,,
62,6.31,,,
62,6.8,,,
62,7.15,,,
62,7.4,,,
62,7.59,,,
62,9.16,,,
62,9.37,,,
62,10.11,,,
62,11.68,,,
62,12.25,,,
62,15.1,,,
62,15.37,,,
62,15.44,,,
62,18.28,,,
62,19.01,,,
62,19.12,,,
62,27.84,,,
62,31.23,,,
62,39.29,,,
62,41.18,,,
62,42.69,,,
62,46.26,,,
62,49.93,,,
63,1.05,,,
63,1.18,,,
63,2.19,,,
63,2.3,,,
63,2.37,,,
63,2.4,,,
63,2.55,,,
63,3.44,,,
63,3.58,,,
63,3.6,,,
63,5.91,,,
63,6.3,,,
63,6.34,,,
63,6.77,,,
63,8.69,,,
63,9.45,,,
63,9.98,,,
63,11.82,,,
63,13.73,,,
63,15.44,,,
63,16.27,,,
63,16.3,,,
63,18.76,,,
63,26.21,,,
63,65.64,,,
64,1.89,,,
64,18.41,,,
66,6.87,,,
